<?xml version="1.0"?>
<configuration>
	<mapunits>esriMeters</mapunits>
    <distanceunits>
        <distanceunit abbr="ft" conversion="3.2808" decimalplaces="0">Feet</distanceunit>
        <distanceunit abbr="mi" conversion="0.000621" decimalplaces="2">Miles</distanceunit>
        <distanceunit abbr="m" conversion="1" decimalplaces="0">Meters</distanceunit>
        <distanceunit abbr="km" conversion=".001" decimalplaces="2">Kilometers</distanceunit>
        <distanceunit abbr="yd" conversion="1.0936133" decimalplaces="0">Yards</distanceunit>
    </distanceunits>
    <areaunits>
        <areaunit abbr="sq mi" conversion="0.0000003861021" decimalplaces="2">Square Miles</areaunit>
        <areaunit abbr="ac" conversion="0.00024710538147" decimalplaces="2">Acres</areaunit>
        <areaunit abbr="sq ft" conversion="10.763910417" decimalplaces="0">Square Feet</areaunit>
        <areaunit abbr="sq km" conversion="0.000001" decimalplaces="2">Square Kilometers</areaunit>
        <areaunit abbr="ha" conversion="0.0001" decimalplaces="2">Hectares</areaunit>
        <areaunit abbr="sq m" conversion="1" decimalplaces="0">Square Meters</areaunit>
        <areaunit abbr="sq yd" conversion="1.19599005" decimalplaces="0">Square Yards</areaunit>
    </areaunits>
	<labels>
	    <!-- Widget menu labels -->
		<clearlabel>Clear Measurements</clearlabel>
	</labels>
</configuration>
